{
  "$comment": "This file is autogenerated, do not edit manually, see https://github.com/SAP/abap-file-formats for more information.",
  "$schema": "https://json-schema.org/draft/2020-12/schema",
  "$id": "https://github.com/SAP/abap-file-formats/blob/main/file-formats/ilmb/ilmb-v1.json",
  "title": "ILM Object",
  "description": "ILM object (ILMB) v1",
  "type": "object",
  "properties": {
    "formatVersion": {
      "title": "ABAP File Format Version",
      "description": "The ABAP file format version",
      "type": "string",
      "const": "1"
    },
    "header": {
      "title": "Header",
      "description": "Header",
      "type": "object",
      "properties": {
        "description": {
          "title": "Description",
          "description": "Description of the ABAP object",
          "type": "string",
          "maxLength": 60
        },
        "originalLanguage": {
          "title": "Original Language",
          "description": "Original language of the ABAP object",
          "type": "string",
          "minLength": 2,
          "maxLength": 2,
          "pattern": "^[a-z]+$"
        },
        "abapLanguageVersion": {
          "title": "ABAP Language Version",
          "description": "ABAP language version",
          "type": "string",
          "enum": [
            "standard",
            "cloudDevelopment"
          ],
          "enumTitles": [
            "Standard",
            "ABAP Cloud Development"
          ],
          "enumDescriptions": [
            "Standard",
            "ABAP cloud development"
          ],
          "default": "standard"
        }
      },
      "additionalProperties": false,
      "required": [
        "description",
        "originalLanguage"
      ]
    },
    "destructionObject": {
      "title": "Destruction Object",
      "description": "Mapping ILM object to data destruction object",
      "type": "object",
      "properties": {
        "name": {
          "title": "Name",
          "description": "Name",
          "type": "string",
          "maxLength": 30
        }
      },
      "additionalProperties": false
    },
    "timeReferences": {
      "title": "Time References",
      "description": "Value determination for time references",
      "type": "array",
      "uniqueItems": true,
      "items": {
        "title": "Time Reference Details",
        "description": "Time reference details",
        "type": "object",
        "properties": {
          "timeReference": {
            "title": "Time Reference",
            "description": "Time reference",
            "type": "string",
            "maxLength": 30
          },
          "sourceTable": {
            "title": "Source Table",
            "description": "Source table",
            "type": "string",
            "maxLength": 30
          },
          "sourceField": {
            "title": "Source Field",
            "description": "Source field",
            "type": "string",
            "maxLength": 30
          },
          "indirectValue": {
            "title": "Indirect Value Determination",
            "description": "Indirect Value Determination",
            "type": "boolean"
          }
        },
        "additionalProperties": false,
        "required": [
          "timeReference",
          "sourceTable",
          "sourceField"
        ]
      }
    },
    "conditionFields": {
      "title": "Condition Fields",
      "description": "Condition fields for direct value determination",
      "type": "array",
      "uniqueItems": true,
      "items": {
        "title": "Condition Field Details",
        "description": "Condition field details",
        "type": "object",
        "properties": {
          "conditionField": {
            "title": "Condition Field",
            "description": "Condition Field",
            "type": "string",
            "maxLength": 30
          },
          "description": {
            "title": "Description",
            "description": "Description of Condition field",
            "type": "string",
            "maxLength": 60
          },
          "dataElement": {
            "title": "Data Element",
            "description": "Data element",
            "type": "string",
            "maxLength": 30
          },
          "sourceTable": {
            "title": "Source Table",
            "description": "Source table",
            "type": "string",
            "maxLength": 30
          },
          "sourceField": {
            "title": "Source Field",
            "description": "Source field",
            "type": "string",
            "maxLength": 30
          },
          "indirectValue": {
            "title": "Indirect Value Determination",
            "description": "Indirect Value Determination",
            "type": "boolean"
          },
          "noIntervals": {
            "title": "No Intervals",
            "description": "No intervals",
            "type": "boolean"
          }
        },
        "additionalProperties": false,
        "required": [
          "conditionField",
          "sourceTable",
          "sourceField"
        ]
      }
    },
    "callbackClass": {
      "title": "Value Determination Callback Class",
      "description": "Value determination callback class",
      "type": "object",
      "properties": {
        "name": {
          "title": "Name",
          "description": "Name",
          "type": "string",
          "maxLength": 30
        }
      },
      "additionalProperties": false
    }
  },
  "additionalProperties": false,
  "required": [
    "formatVersion",
    "header",
    "destructionObject",
    "timeReferences",
    "conditionFields",
    "callbackClass"
  ]
}
